Date,Temperature at 2 Meters Maximum ©,Temperature at 2 Meters Minimum ©,Precipitation (mm/day),Relative Huminidity,Temperature at 2 Meters Range ©
1981-07,30.637412846055188,25.958273969498848,452.5477190504056,82.42353497221164,4.813178631732933
1981-08,30.625698333797214,25.764576280003112,345.8934996194133,82.51048551547636,4.991748705718244
1981-09,30.587792974937326,25.631411460054693,185.4610133372714,80.82380394988672,5.084585794066769
1981-10,30.412228812970675,23.95868378308672,58.50111363545465,76.07508592189532,6.578736239747942
1981-11,28.585922718286096,19.45002195143305,-70.41717636177721,70.06198105762404,9.261893855044026
1981-12,25.75932360248546,15.159532244009453,-100.22286204174593,66.1260258008802,10.722912851892374
1982-01,25.35263732862206,13.361311616596804,-104.27501004033589,58.7937537850999,12.109664188832157
1982-02,28.63779151558366,16.38148361164962,-92.99697260592484,52.99559815640376,12.36726737940811
1982-03,32.483490374179546,20.909784509204766,-74.21556198139336,55.44143377606975,11.685478711820439
1982-04,33.571132937648656,24.469577415992852,-14.570037428301305,64.07037616255336,9.210013241806209
1982-05,32.730837675048974,26.007225950705525,124.35107337981427,70.7508955580397,6.833537545055869
1982-06,31.475013150293005,26.449105671562243,314.941490321488,79.06311627168395,5.132721007537073
1982-07,30.765910321357595,26.01654647971103,468.2009102421616,82.34217837808086,4.8495672001022445
1982-08,30.74360277790742,25.79832827593848,343.6828453607963,82.34313421740273,5.044295631072243
1982-09,30.690096727879716,25.623937914581465,181.02146499312244,80.66254977516199,5.1628726673644305
1982-10,30.45887401592321,23.945283385215006,55.49938364552872,75.72058841167348,6.6088411858552
1982-11,28.708205507888387,19.640298051617222,-65.84988857542214,70.51374088768424,9.15755215348973
1982-12,25.86682778309547,15.231558307887022,-95.1854764979254,66.34272617661097,10.723215801142679
1983-01,25.417808069565336,13.433288271314114,-100.03995975445001,59.35049549531713,12.069356489882214
1983-02,28.583193138547973,16.301494947636396,-91.89364266044693,53.4376575232752,12.36920402962042
1983-03,32.66451871731685,20.894325870279804,-73.45727422578751,53.981849643092445,11.846035419294854
1983-04,33.683941638667314,24.51393273441898,-13.441120033923681,64.39361593541713,9.240798597759762
1983-05,32.76619639723454,26.04855252006034,107.86131669751406,71.10034298152436,6.797485903303773
1983-06,31.488989393775192,26.503837056173232,325.2695137977606,79.57279939828683,5.060445341118967
1983-07,30.896308980534204,26.07402092511183,483.61257811731593,82.24568548555158,4.888664198690277
1983-08,30.861456918453595,25.830741317573825,341.0982180954179,82.16832104759095,5.09816388710935
1983-09,30.791351022717485,25.61572590006817,176.49782339932432,80.49896896147712,5.240852328540372
1983-10,30.50517130015328,23.934230645803638,52.66485082714296,75.3786265421593,6.636160271498133
1983-11,28.83073899021288,19.832167827290593,-61.081746054497344,70.97864979469833,9.051792931592265
1983-12,25.974044393475403,15.302592653174413,-90.10738882398888,66.56164796612386,10.72430012892967
1984-01,25.482272334397152,13.503740879948253,-95.86670971806292,59.9021327885474,12.030041531194799
1984-02,28.53029454108559,16.22053812703057,-90.87195792092393,53.85430663343612,12.373802289360441
1984-03,32.45290310621653,21.091019184026223,-70.54062709636587,58.52395962196951,11.414925333395534
1984-04,33.66688506966138,24.529541874088036,-11.929515063084793,63.655989766935434,9.191176157047183
1984-05,32.98392871089581,26.07095522205709,163.38837146717225,70.22766325870369,6.953257036687605
1984-06,31.779813578142043,26.485220108353246,300.94966238010977,78.16994046720878,5.334336853323235
1984-07,30.839889659998338,26.045413206146062,442.0453747948279,82.63882419290009,4.832293428085102
1984-08,30.836835894024173,25.875653541633646,353.100587562183,82.81911342839422,4.993380928942035
1984-09,30.813499173666163,25.784249205820288,195.17900719005922,81.13134655686217,5.058883176230472
1984-10,30.69423000078271,24.120547714253174,67.03560991366024,76.59073608745373,6.598658425004303
1984-11,28.792935044923276,19.407643279784878,-69.40781553808094,69.77284449372046,9.417486483924131
1984-12,25.980572727556655,15.23275216970126,-99.83964719953654,66.06110065286269,10.77612263688704
1985-01,25.61576065549037,13.434025461488572,-103.1931821546197,58.3817123142435,12.203683804509
1985-02,29.023024690776126,16.606597858269126,-88.8070279568743,52.67750851303862,12.420776287283784
1985-03,32.63226175205476,21.072817110931833,-69.66052400608207,57.05541563248423,11.576906581675788
1985-04,33.78478317461641,24.572227947210884,-10.482343234476119,63.92389308538591,9.22865121565377
1985-05,33.02279679736468,26.112140087060467,146.44799646626248,70.55917509987465,6.920684261945317
1985-06,31.791343137503123,26.54034566790258,310.4135492807117,78.69464486298345,5.259249045654709
1985-07,30.96644575061574,26.104459426034687,457.9214011299578,82.57264044512921,4.865958613532234
1985-08,30.954731238640946,25.910761737261424,351.267181878151,82.65959100580245,5.044528687657359
1985-09,30.91682588006431,25.777596918035538,190.83469577516715,80.97290945762056,5.137365776145727
1985-10,30.741261718371767,24.104869241766902,63.874796246740615,76.22419144647581,6.6315162219621
1985-11,28.91495562512602,19.596207409656333,-65.04349354780958,70.21108660270477,9.314673837304781
1985-12,26.088356510717887,15.305717701789984,-94.84917903161828,66.27513136579601,10.775692834198901
1986-01,25.681670238293506,13.507497073920437,-98.9013268275186,58.94285937051466,12.16244417118546
1986-02,28.966824426693975,16.527669068516047,-87.62328919040219,53.1447037623163,12.420047361808344
1986-03,32.812523286589744,21.055969965658246,-68.84187838278194,55.59053940049413,11.738258694263301
1986-04,33.90016585149781,24.615762871989425,-9.196353627013366,64.21948180747826,9.262793224295798
1986-05,33.059870590290494,26.153411406259675,129.72475737723533,70.90000122280176,6.886317527590782
1986-06,31.804046066973605,26.59529112665928,320.3151745216222,79.2122219569432,5.185500990119028
1986-07,31.094943239430798,26.162731934365805,473.57459463847476,82.49128408317706,4.902347182729573
1986-08,31.07263569741939,25.94451373013607,349.0565299597928,82.49223994299732,5.097075613746403
1986-09,31.01912964883066,25.770123368321975,186.3951497947844,80.81165552125506,5.215652650085497
1986-10,30.78790693826685,24.09146883851325,60.87306864337175,75.86969417760344,6.6616211686217355
1986-11,29.037238431670932,19.786483504457923,-60.47620337489195,70.66284667410959,9.210332136303581
1986-12,26.195860708270473,15.377743760285934,-89.81179110123506,66.49183198287733,10.775995784001285
1987-01,25.746840995359815,13.579473722765405,-94.66627415203766,59.499601319775756,12.122136473130118
1987-02,28.912226064961377,16.447680398140022,-86.51995685234816,53.586763365930764,12.421984013257141
1987-03,32.993551644289965,21.040511319927887,-68.08358823187545,54.13095550218236,11.898815403283006
1987-04,34.01297456722137,24.660118183765185,-8.067433817222579,64.54272181079534,9.293578579829486
1987-05,33.09522932731825,26.194737969114115,113.23500312979394,71.24944887266484,6.850265883517014
1987-06,31.81802232543956,26.650022504925047,330.64320045285774,79.72190530571625,5.1132253194136075
1987-07,31.225341913728393,26.220206373571393,488.98626498795636,82.39479140874411,4.94144417512839
1987-08,31.190489853228616,25.97692676573139,346.47190518887055,82.31742698707146,5.150943861629082
1987-09,31.120383959073152,25.761911347923746,181.8715107155484,80.64807491724723,5.2936323011415185
1987-10,30.834204238038698,24.080416093366953,58.03853835898074,75.52773251369227,6.688940242242711
1987-11,29.15977192967902,19.97835327455207,-55.708058299901396,71.12775578252175,9.104572900418182
1987-12,26.303077334471677,15.448778100143706,-84.73370085379133,66.71075396970858,10.777080095899287
1988-01,25.811305276973876,13.649926326615285,-90.49302152510948,60.05123880842101,12.082821496245932
1988-02,28.859327485243085,16.366723573395817,-85.49826950516383,54.003412669599825,12.426582252492903
1988-03,32.781936051853066,21.237204630108753,-65.16693847219709,58.67306567336654,11.46770529473378
1988-04,33.99591801687856,24.67572731986872,-6.555826216146258,63.805095834624396,9.243956116466702
1988-05,33.31296165964244,26.217140667545586,168.7620605296355,70.37676934215804,7.006036994250187
1988-06,32.10884652900617,26.631405553307445,306.32335148321147,78.3190465518439,5.387116808485923
1988-07,31.16892261291108,26.191598650583337,447.4190639372833,82.7879302786831,4.88507338092463
1988-08,31.16586884905376,26.021838985536657,358.47427674515467,82.9682195153607,5.046160879381009
1988-09,31.141910179063697,25.930434615184684,200.552706375279,81.28285220653788,5.110348763832747
1988-10,31.022039119439484,24.266733090192908,72.40931877848973,76.74456389458837,6.6488520485712
1988-11,29.120122213947546,19.553828621185517,-64.03409667104948,69.92907186356393,9.466365744654391
1988-12,26.30715800984043,15.378937477677312,-94.46591865288735,66.21965018016284,10.823729933582106
1989-01,25.94172398814177,13.580210734925755,-97.81944360573938,58.54266140425197,12.249976738367312
1989-02,29.34836607379433,16.752783097166954,-83.43327940572392,52.840857165758905,12.465754858305061
1989-03,32.9570413741157,21.219002318633944,-64.28676642063141,57.220931632164124,11.620697986264142
1989-04,34.10894084704521,24.718413120374244,-5.108575646800787,64.09180864777305,9.271128257405495
1989-05,33.346352583052635,26.258325226799016,151.82177373356555,70.72941281972064,6.961889339661742
1989-06,32.11427697355829,26.68653077310245,315.78733655027963,78.86728214554228,5.299139760533766
1989-07,31.288777699930403,26.25064449780977,463.2951980790667,82.74759988514434,4.904577364376298
1989-08,31.276441238323418,26.056946774497625,356.64098882949224,82.8369500085252,5.081833075664882
1989-09,31.237913930114576,25.923781920732885,196.208512728776,81.15266802305055,5.173355801316633
1989-10,31.06174788168076,24.25105421103936,69.24862287994095,76.40627216936574,6.66623428309737
1989-11,29.234819837647528,19.74239234556999,-59.66965693586353,70.39556688521236,9.348077535696351
1989-12,26.407618835380003,15.451902605420756,-89.47533276283446,66.46193380277546,10.807824568644596
1990-01,26.00031061216764,13.653681944191757,-93.52747058001495,59.13206136710944,12.193261542887644
1990-02,29.277562229658756,16.67156332045846,-82.16815122428861,53.35095253348136,12.446262997403775
1990-03,33.11612328357156,21.197795272013124,-63.31332467082086,55.81218525836876,11.760317923052444
1990-04,34.19586327757009,24.755297560015475,-3.5865181964095285,64.45817443992333,9.280250716977932
1990-05,33.34792036709589,26.29072936687077,135.413252535568,71.15519073386146,6.899321727266468
1990-06,32.084193272869285,26.73031846894125,326.0849513985397,79.48445824257419,5.193903453687835
1990-07,31.367442796059233,26.295542549232746,479.4230312430923,82.78001724742535,4.906296353291658
1990-08,31.33723268313831,26.075033726674246,354.98624828303525,82.79801988181666,5.096423048201428
1990-09,31.275824063640385,25.89835274653112,192.40614983667544,81.13448223464295,5.210398348434054
1990-10,31.03695370380896,24.217481489307286,66.96272841296022,76.20901776960945,6.651913573963294
1990-11,29.278382626303937,19.910205536924213,-54.30526188667632,71.01921704068931,9.196022805537433
1990-12,26.429357253636105,15.49924906533606,-83.56218988532633,66.86469922806836,10.757233160229463
1991-01,25.972434969816018,13.698688409486834,-88.3353912174921,59.8895153395391,12.098772113251252
1991-02,29.12991746850844,16.564604466532643,-80.10779219917734,53.993724160261905,12.394017917271619
1991-03,33.204105241854,21.15536644273293,-61.59800783287069,54.55331338322311,11.866692900491179
1991-04,34.215625592914684,24.77268268759575,-1.5005717166356476,64.98212646831203,9.25685434323852
1991-05,33.29023270281373,26.305085744905114,119.88052494158617,71.7053504106441,6.809088356152089
1991-06,32.00512312906453,26.75807966174173,337.3700039661893,80.19485362017072,5.067446058249583
1991-07,31.398503215431013,26.323388882161332,495.9121984630454,82.89771670722672,4.889915770085096
1991-08,31.34924700294428,26.075072137820047,353.60360629096346,82.85132850238685,5.093474674577017
1991-09,31.26473695680226,25.855019583511396,189.20897944472665,81.21295264939195,5.230222332080797
1991-10,30.9646177338453,24.16864968072765,65.57513704979961,76.1225872298658,6.619781129302769
1991-11,29.275781273498712,20.061549725411396,-47.96569198198691,71.75358671552749,9.029473005469598
1991-12,26.405147176368665,15.52709990277607,-76.79220457421332,67.3665618867432,10.696231057071333
1992-01,25.89897096688458,13.723210992746857,-82.34575761847398,60.738022942285504,11.996031675409359
1992-02,28.93258902316629,16.434971103025664,-77.14523797145145,54.721173020297435,12.333851649647494
1992-03,32.841722737918566,21.30073999978664,-56.62141464218972,59.419803775291484,11.369417186138378
1992-04,34.041300550957565,24.734225553045476,2.1954652409395266,64.58281015337889,9.13972722586282
1992-05,33.344404691798914,26.27076425249542,177.71248194841485,71.18446064494078,6.896058959767046
1992-06,32.12588540917589,26.67999200175642,315.47954052906675,79.15771407145982,5.271197991993773
1992-07,31.17202199115843,26.235310450805407,456.77438294479606,83.6565747823262,4.763405420553362
1992-08,31.15456407531445,26.06051364925756,368.0353633797499,83.86784023583562,4.918552137001129
1992-09,31.116823205086888,25.964072176409044,210.31955067525723,82.21104958231959,4.978113599880404
1992-10,30.9836145323301,24.2954960360983,82.37528339984046,77.70041609808561,6.512139702452141
1992-11,29.067915426600663,19.57755446459421,-53.86237438429386,70.9135007223669,9.325026976963013
1992-12,26.237597614189465,15.397628869003913,-83.98970301210566,67.24382004068454,10.677913652855048
1993-01,25.854231530576833,13.593699859101006,-87.02858483243803,59.60789696654925,12.09953369417014
1993-02,29.24294155431534,16.761069954190454,-72.32777749994526,53.947158429830644,12.31068505063811
1993-03,32.835420153552626,21.22259035371399,-52.89707071774187,58.364324497841906,11.461449166430452
1993-04,33.969387564568045,24.716798888302716,6.595763188575887,65.27626721522581,9.107252674101797
1993-05,33.18944569227162,26.25167654264539,163.83060592297932,71.95361238889058,6.793536243322587
1993-06,31.939438020863136,26.674679821797255,328.1108118721775,80.13254741648666,5.126159900724586
1993-07,31.096585138931186,26.233759094422403,475.92316675496704,84.05260615780728,4.727119991531525
1993-08,31.066316615409953,26.0348591039587,369.5836006379218,84.18302198296385,4.899748939349945
1993-09,31.00985724528695,25.896491983042424,209.46576766969696,82.5398056992664,4.98664490153158
1993-10,30.816337588549516,24.21872982126667,82.81037117485806,77.83315084729536,6.475045870277227
1993-11,28.971477482601962,19.704865688645523,-45.7932655084101,71.86351126491824,9.152262359406183
1993-12,26.126922872030317,15.409341496414271,-75.29444798134887,67.96961918420028,10.607531879318644
1994-01,25.701682586903818,13.605918568033681,-79.03194266603954,60.68081245031057,11.988342090091662
1994-02,28.968282762602357,16.62088826211866,-67.43925191769529,54.92612210350608,12.240004154500763
1994-03,32.79722315941236,21.144490307186608,-48.37363829995168,57.411216687457795,11.552849308440031
1994-04,33.866311711618096,24.699080913006956,11.586539567054942,66.0836243558361,9.071442712258557
1994-05,33.00806094898056,26.231694962675114,150.85808418999974,72.80620773744164,6.6892175388665995
1994-06,31.733682407518994,26.668372382319177,341.81061607364666,81.1618945700758,4.982459875484964
1994-07,31.006624078545542,26.23077870542359,495.4204698091629,84.4830206625947,4.69355659140818
1994-08,30.965762518389358,26.00735820043836,371.2645198698202,84.52744262090772,4.882343896514966
1994-09,30.89370245165623,25.82776553786853,208.96525444407717,82.89032429765561,4.994979806944662
1994-10,30.644524239661976,24.144076523458022,83.79360691134207,77.9904269202886,6.435198848793412
1994-11,28.875301714921303,19.833888888647888,-37.19355036760649,72.82704551529088,8.977968690564564
1994-12,26.015968490090394,15.420114659873011,-66.17870447527173,68.6980947903379,10.537882861575909
1995-01,25.548394759034878,13.616642321597052,-70.67107278678633,61.74933022573164,11.87808242479456
1995-02,28.695225810492072,16.479646696216125,-62.162640747760534,55.87995837037653,12.171988839011988
1995-03,32.75979292181927,21.06777876570841,-43.39920074987211,56.46341020848483,11.64345405079715
1995-04,33.76066182564399,24.6821833281449,16.97906838699683,66.91864261750301,9.032276103740461
1995-05,32.824961083380096,26.211768628266952,138.63193893617458,73.66743364750153,6.583213932974085
1995-06,31.529200062395674,26.661850862677255,356.4022509814796,82.18335618095206,4.840232245268209
1995-07,30.918564148323576,26.227000246096754,515.0957491188552,84.8983062521082,4.662701626528908
1995-08,30.86515806871743,25.97851833685573,372.943504041913,84.86440793083494,4.866260189426927
1995-09,30.776498155456117,25.75830061764701,208.70522429087407,83.23852196140692,5.003007505337246
1995-10,30.472362931809222,24.071770876972924,85.22631218981367,78.16024360288299,6.39256597197477
1995-11,28.779376604083467,19.96450575583607,-28.154422204989586,73.80373305157183,8.802257506538691
1995-12,25.90472650626321,15.429896095310536,-56.8260045033382,69.42879528379154,10.469015227555563
1996-01,25.394400429399862,13.625842019460837,-62.2194629106432,62.81274630236492,11.768815504290455
1996-02,28.423868618302507,16.33743696391965,-56.85884862660674,56.808386343408465,12.106635136925142
1996-03,32.329120199053925,21.20305135071924,-36.18525934661349,61.51870125737154,11.142200353851232
1996-04,33.524548144713656,24.63637173815793,22.791715173544148,66.69419759848982,8.91251005197219
1996-05,32.82363628486529,26.172750599717347,198.4636621748768,73.30793515105094,6.668841455292375
1996-06,31.600967134862927,26.58181318315772,336.3908153924841,81.29367854059912,5.043980145916038
1996-07,30.643087716155804,26.136971794316445,477.8405881021256,85.80462631246496,4.536187243891357
1996-08,30.621479932932385,25.96200982694824,389.2616631740748,86.0283817290067,4.691333618735695
1996-09,30.57958919532535,25.865403188279274,231.70594510657423,84.38408103852301,4.750894740011592
1996-10,30.44236452187823,24.19666721007788,103.91660812503001,79.8855346152898,6.284920511998816
1996-11,28.522515548770002,19.478560472754147,-32.16095502209666,73.11110920260255,9.097807444906143
1996-12,25.692197730839794,15.298634876035656,-62.23872638873718,69.44142940791671,10.450694121083142
1997-01,25.308831641524478,13.494705864967647,-65.2263990391721,61.805507250347304,11.872314162692243
1997-02,28.697541659560766,16.662075958892363,-50.47438253677612,56.1447696301906,12.083465519454293
1997-03,32.29008855313387,21.123596363518075,-30.9647460445307,60.56193652889554,11.234229636612309
1997-04,33.42413157573563,24.617804903755825,28.615474326482968,67.4738801659776,8.880033145795682
1997-05,32.6442628759414,26.152682563565197,185.93488460728656,74.15122622967503,6.566316716479167
1997-06,31.394330816119307,26.57568584836592,350.30247702124984,82.33016217696742,4.89894037539339
1997-07,30.55155110669015,26.13476512645798,498.1993994506075,86.25022180831924,4.499900467663368
1997-08,30.521358194755052,25.935865141643195,391.94721979817535,86.3806385531733,4.672529416993735
1997-09,30.464974436218228,25.79749802637618,231.91677329463386,84.73742318917371,4.759425380687014
1997-10,30.271527951983515,24.11973587006725,105.34594434628274,80.03076922723497,6.2478263508957035
1997-11,28.426743457621917,19.605871743094973,-23.170305872287088,74.06113056455581,8.925042841536477
1997-12,25.58226201955329,15.310347556330473,-52.58692079878256,70.16723937386578,10.380312362912356
1998-01,25.157097346012723,13.506924633598963,-56.23702901875339,62.87843355967538,11.76112257519695
1998-02,28.423773133297118,16.52189433333265,-44.556951805727095,57.12374413257001,12.012784641117957
1998-03,32.252781824443204,21.04549638350321,-25.41240847793975,59.60883954721656,11.325629796422684
1998-04,33.321945988235136,24.600086994972536,34.63515585374847,68.28124813529325,8.844223201753145
1998-05,32.46376840336737,26.132701050344433,173.94533741538405,75.0038315968334,6.461998029530129
1998-06,31.18946547893419,26.569378475882406,364.9377941356511,83.35951851206931,4.75524036735598
1998-07,30.46248032773093,26.131784804690394,518.5862848097811,86.68064468451853,4.466337084448707
1998-08,30.42654855051761,25.908364772269874,394.47026170863154,86.7250596570743,4.6551272626061575
1998-09,30.359418266726475,25.728772582264423,232.21092312112677,85.08793434806454,4.767766046085983
1998-10,30.115010812418515,24.04508402517454,107.07791446410081,80.18803021028623,6.207987868306073
1998-11,28.350718070620648,19.73489686292872,-13.869315976655457,75.02464181952718,8.750760583128205
1998-12,25.49615560347601,15.321123091474925,-42.815831208639764,70.89568433416623,10.310677534510406
1999-01,25.033511655363156,13.517651225763556,-47.268272681935315,63.94691278379958,11.650879970779643
1999-02,28.18527248976328,16.380656072947627,-38.71991380472886,58.077533942685754,11.9447892580475
1999-03,32.25429230826345,20.968788569272274,-19.92041085620079,58.66097947108516,11.416257064845269
1999-04,33.26009099503125,24.583193604273276,40.49778511892704,69.11620489434063,8.805081990839607
1999-05,32.32916101045411,26.11277936171624,162.18929454386398,75.86498916392337,6.356022600444714
1999-06,31.038329772411604,26.562862068690883,379.99953342729606,84.3809047116171,4.613043785788976
1999-07,30.432464616025932,26.128011909431017,538.7316704401985,87.09584802236125,4.435515947421113
1999-08,30.383988319362697,25.879530472754574,396.61935220159324,87.06194271532908,4.6390773833699654
1999-09,30.300258189043827,25.65931322611046,232.42099928868362,85.43604976014294,4.775827572330645
1999-10,30.000893723334602,23.972783943647542,108.97709940998467,80.35776456430528,6.165388819348849
1999-11,28.312837178811552,19.86551929599683,-4.367455688450633,76.00124694777779,8.575083226971934
1999-12,25.442957838929885,15.330910093682284,-33.00402576445225,71.62630234268097,10.241843728370547
2000-01,24.937561545268462,13.526856491317538,-38.3613048753279,65.01024629603462,11.541646878165077
2000-02,27.975977436089217,16.23992555152582,-32.96434526336509,59.000460028393604,11.87980069338927
2000-03,31.889599447667354,21.106918949832707,-12.25675551529784,63.70569871809983,10.915678532738173
2000-04,33.09397509524414,24.541713453020968,46.756564332821284,68.87576875054697,8.686322413447488
2000-05,32.40172230176751,26.079518878208876,222.46368423217177,75.48425503664426,6.442977219273058
2000-06,31.188000853682524,26.49005557739911,360.42718277785286,83.46457211751661,4.8184500924851115
2000-07,30.238780501347932,26.04664075218619,501.91212838553383,87.97026862291435,4.310980592966727
2000-08,30.22612042004196,25.873152900567575,413.36954878534954,88.18859773077764,4.466461150399799
2000-09,30.193177384352605,25.778020377647966,255.8501760458321,86.53887073161437,4.5263564542648895
2000-10,30.064611777277722,24.110710963074887,128.09601196230048,82.03507304191135,6.060705628758162
2000-11,28.153710506087343,19.39407834150105,-7.945205856767899,75.25522132054627,8.873926744254312
2000-12,25.332051754529044,15.215579308411135,-37.9878043253855,71.58029025939855,10.227136822936757
2001-01,24.95763336713108,13.413124413092337,-40.939131647843794,63.938941793149645,11.649091047134895
2001-02,28.35529108708502,16.58196862276644,-26.150769817501697,58.2727778643113,11.860576586486092
2001-03,31.955851476452196,21.04482048062455,-6.640981553323854,62.68504357815453,11.011642544882442
2001-04,33.09876658368282,24.54050312979703,52.93940685086538,69.59156090341963,8.657780235437679
2001-05,32.32748377223966,26.076807346640706,210.25897974449234,76.26365569761568,6.344387207448645
2001-06,31.08642379704572,26.50128474037684,374.6267401915986,84.43716533309838,4.677345047733391
2001-07,30.252330905552885,26.06353401962576,522.5826608131512,88.34547036457005,4.27863301571219
2001-08,30.23111437215211,25.867909702673384,416.391445959454,88.46374068954891,4.451600769941468
2001-09,30.1837069921492,25.732818255268192,256.42196425462384,86.80837890567358,4.538835538533853
2001-10,29.998947325850388,24.0582261001164,129.9101334985255,82.08997034385662,6.027564384450682
2001-11,28.163139210023,19.547637641007135,1.4548480786332902,76.10818526130701,8.705119679989652
2001-12,25.32734458989013,15.255283455399194,-27.90276865552687,72.202539470739,10.160717077074107
2002-01,24.91115629488371,13.455136200529859,-31.49191207688358,64.90158723667491,11.54186609425768
2002-02,28.186808460701997,16.473381568125603,-19.750870065133626,59.13475138969278,11.79386696507753
2002-03,32.02392484858792,20.999942286042675,-0.5512617578906713,61.608875844459945,11.10701813770967
2002-04,33.10206539091435,24.5578085653743,59.557267372518425,70.26913801265681,8.625950347939334
2002-05,32.252574623982824,26.093592621903262,198.92644712640327,76.97996687431824,6.244053051424858
2002-06,30.987248078083855,26.533545715303205,389.97986864532356,85.3235073696773,4.537634194149948
2002-07,30.268949744816688,26.09912204526861,543.6873575117918,88.63287894224909,4.24905878695071
2002-08,30.23714018022309,25.878977214039093,419.63229720776155,88.6651545632894,4.438184898164396
2002-09,30.174132109052554,25.702660225225443,257.43392141732465,87.01588990276315,4.551159614700508
2002-10,29.93371389276415,24.022141217675482,132.35990901553586,82.10423800545213,5.991706533426845
2002-11,28.173543363586095,19.715229256621722,11.473641371902517,76.92871026318196,8.53481518130423
2002-12,25.32297013384801,15.304630370312957,-17.309732352013413,72.78472189527183,10.095057270153587
2003-01,24.864448397721787,13.50443921925333,-21.593594266880302,65.82041843295167,11.435595681803468
2003-02,28.020331444107413,16.37072478108719,-12.87665583133463,59.93550767988005,11.729840944452912
2003-03,32.093074550854695,20.96182050354937,6.075112524733129,60.50492438457216,11.201612212885404
2003-04,33.102995449608876,24.579506253201437,66.66188805824316,70.94461789586806,8.590773114260887
2003-05,32.1760547024378,26.112266895790547,188.51653899118745,77.67837128291471,6.142038861331506
2003-06,30.889345676382856,26.565630317415863,406.4953574330108,86.17875491864203,4.399396022058418
2003-07,30.28746975740337,26.133955043302617,565.3906359541465,88.87866734685022,4.22219332115572
2003-08,30.243115672726677,25.88875432127724,423.44689727385935,88.8292301278575,4.4260907324858545
2003-09,30.16350775439429,25.671817789284876,259.4171239193911,87.18780526071725,4.56317689682702
2003-10,29.8681325260921,23.98846339196791,136.13636554870138,82.0944891823359,5.953063281311895
2003-11,28.184198193555346,19.884479458967398,22.960390008664746,77.72243965384584,8.363093664316896
2003-12,25.318308091079892,15.353045141799294,-5.513038559287224,73.33246416620942,10.0301793031809
2004-01,24.817034009405475,13.552272254085862,-10.701738111783186,66.7008762076026,11.330318428356875
2004-02,27.85555419349638,16.267148386680194,-5.1363649730269,60.68097727146727,11.668476909432794
2004-03,31.769273769748217,21.135832272059208,15.728772912996817,65.37675572290323,10.70435911361093
2004-04,32.973753710596746,24.572433847634137,74.91050628793704,70.53671308684166,8.475007660172905
2004-05,32.28160184809558,26.11198813268388,250.89244931220435,77.13320844291029,6.231667651978449
2004-06,31.06798469535142,26.52433198706426,389.13993175342193,85.10113489608392,4.607145884036466
2004-07,30.11886527399072,26.082666021712914,530.8997004858795,89.59484047145722,4.0996815704968235
2004-08,30.10630948802558,25.91098532528464,442.6411047815549,89.80077895162393,4.255167486775681
2004-09,30.073470747677014,25.81765995755569,285.40571593771864,88.13866132476156,4.315068149486171
2004-10,29.945006071576746,24.152099402844605,157.92637497908248,83.62287270503883,5.849422509958458
2004-11,28.03420909572678,19.4372739364612,22.16914105560781,76.83063035597525,8.662648984299896
2004-12,25.212651275143095,15.260523763232362,-7.5986342881680855,73.14370836479715,10.01586424896229
2005-01,24.83833718308618,13.459876023104531,-10.265977714913987,65.4899692708519,11.437823832005765
2005-02,28.236099198380415,16.63052738796827,4.806368011134367,59.81141471431823,11.649314730202946
2005-03,31.836753789991068,21.095011515030237,24.572657858443932,64.21248889345979,10.800385528847547
2005-04,32.979773192561645,24.592501319393694,84.43703015837262,71.10661559103747,8.446528578247083
2005-05,32.208591312092935,26.130554396099026,242.03142617674854,77.76671945520914,6.133140736237237
2005-06,30.967635632240583,26.556838945025326,406.6831705195624,85.92783846298711,4.466103935368668
2005-07,30.133542742136598,26.1190936400133,554.8550786865092,89.83065589481501,4.067392614945025
2005-08,30.112326210171084,25.923474919324253,448.88705096300095,89.9432557001571,4.240361104492259
2005-09,30.06491883160363,25.788389068183086,289.1407563883007,88.28222339664957,4.327596608402091
2005-10,29.880159166263606,24.11380236814689,162.9038076580398,83.55305454961625,5.816327253425162
2005-11,28.04435105142576,19.603219545989027,34.73256699801928,77.56015050567139,8.493884408040817
2005-12,25.208556432251576,15.310870815497584,5.649832289631121,73.64374442988805,9.949483604230487
2006-01,24.792368138235158,13.510729197580947,2.3447336283194886,66.33167323443223,11.330634480489874
2006-02,28.06802030504294,16.5289802021294,14.369820399915596,60.55371842606542,11.582637210385034
2006-03,31.905136693824787,21.055546011487966,33.825985264557374,63.01779994795017,10.895790062183753
2006-04,32.98327723714065,24.613417927772446,94.21855915488311,71.66694315476555,8.4147241314885
2006-05,32.13378647116723,26.14920743941681,233.86262093454653,78.36701173120927,6.032828634079808
2006-06,30.868459926257774,26.58916616976938,425.20008721348086,86.69943326518133,4.326411635880329
2006-07,30.150161593949093,26.154747954850315,579.1824581057472,89.99804455253877,4.037838027787095
2006-08,30.118352030345562,25.934608760574015,455.4114425615579,90.01920121218802,4.226965998076129
2006-09,30.055343960165512,25.758297408712966,293.49711153114185,88.35881759026863,4.339942573688612
2006-10,29.814925744834877,24.077783856278412,168.69798115510275,83.43640540774352,5.780491291520408
2006-11,28.05475521664741,19.770877532176662,48.09575827138539,78.24975870407697,8.32360179847487
2006-12,25.204181988480638,15.360278765378498,19.483121320419116,74.0982931739662,9.883845645468977
2007-01,24.745660253977857,13.560087737811285,15.375687404182855,67.12626331069515,11.22438587387014
2007-02,27.901543301988333,16.426373423139545,24.269053838434274,61.23362615667328,11.51863295327015
2007-03,31.97428641053385,21.017603022912823,43.3807647999019,61.789351218779814,10.990462455700927
2007-04,32.98420731127878,24.635436993874343,104.14461964628823,72.21388612579574,8.37968783043072
2007-05,32.05726656603409,26.168341076440377,226.17063765625363,78.93296989579326,5.931015971069908
2007-06,30.770557541970085,26.6218527193759,444.3265354112756,87.41819492723914,4.188437605150538
2007-07,30.168681624918086,26.190320885239235,603.3931810095339,90.10343773838949,4.011297297817806
2007-08,30.12432754223259,25.9452683845235,461.626521642158,90.03884191511142,4.215259182502478
2007-09,30.04471962589122,25.72848007384015,297.7738276007051,88.38225844368336,4.352409820198704
2007-10,29.74934439951559,24.045269116500407,174.66443630709887,83.274272748251,5.742358598251961
2007-11,28.065410068970387,19.941433404810233,61.665540080119825,78.88706461547704,8.152453454611189
2007-12,25.199519968421505,15.41014252761866,33.36347858927553,74.48241951079058,9.819601487044276
2008-01,24.69824588873801,13.609517861214755,28.351858349769714,67.83567294790029,11.119805085574681
2008-02,27.736766074821386,16.32454221511936,34.09431080153979,61.80061540747219,11.45802804000574
2008-03,31.65048565293516,21.193364759142295,55.1251035287936,66.48221322909248,10.493970557967014
2008-04,32.85496559577512,24.63011455602671,114.48391621666788,71.62701198874618,8.264683577883906
2008-05,32.16281373319762,26.169812200920703,290.5253840254753,78.21104220440535,6.021405292619213
2008-06,30.949196580375194,26.58230419380648,428.8343754109278,86.16608801248678,4.396947305038871
2008-07,30.00007715893965,26.140781588300094,570.6536689280729,90.64732844745069,3.889544714429676
2008-08,29.98752137217029,25.96934147392004,482.456582692501,90.83522572446269,4.045094662547253
2008-09,29.954682631017103,25.876256688239216,325.2827033174807,89.15506689445202,4.105059357096205
2008-10,29.826217954138478,24.21092895486474,197.8628876512859,84.62181904586684,5.639475683864358
2008-11,27.915420977483855,19.496344070529055,62.167163196691064,77.81153549365416,8.452766190044606
2008-12,25.093863156122165,15.31982671863784,32.458913145392586,74.1071542736176,9.806043421002201
2009-01,24.719549063260853,13.519419560557775,29.85307918748103,66.43537397651791,11.228067035884692
2009-02,28.11731107775096,16.6903115074706,44.98693438237797,60.73877821683385,11.439621965919807
2009-03,31.71796566863539,21.15501293444657,64.80878116933127,65.12355711570393,10.590750599774296
2009-04,32.86098507040153,24.65274332085844,124.73466293806173,71.99964261013547,8.23695768101216
2009-05,32.08980318915402,26.191029218900702,282.38858424889804,78.64228724545038,5.923631805297424
2009-06,30.848847508497204,26.61755434987509,447.1018380606031,86.78536505007753,4.256659036267509
2009-07,30.01475461761553,26.180041866200348,595.3332715200734,90.67072325304467,3.858009682139676
2009-08,29.993538084845373,25.984663727559006,489.4267532653107,90.76528185523605,4.031042203525793
2009-09,29.946130705473486,25.849818458465744,329.74196815947744,89.0862083485761,4.118341739274463
2009-10,29.761371039786034,24.17546454038994,203.5056502411836,84.34485295825189,5.607133263085232
2009-11,27.925562924589578,19.665122259591833,75.33506142033437,78.33935615291158,8.284753325781185
2009-12,25.089768305067437,15.373006311059472,46.252957523900164,74.41076353383932,9.740413400759394
2010-01,24.673580011204855,13.573107763876532,42.94851064507489,67.08605904129756,11.121629343577165
2010-02,27.949232178166785,16.591601839158535,54.9742491992487,61.295470935841806,11.373697140031144
2010-03,31.786348567085728,21.118387196275705,74.43100277067578,63.74814173778927,10.686908761623627
2010-04,32.86448911055578,24.676502183293184,134.82422844354454,72.3846516475106,8.205907897487807
2010-05,32.01499834473101,26.212526924679572,274.4689209804723,79.07249445258091,5.824075367716313
2010-06,30.749671799975314,26.652728725765815,465.80703904194746,87.39228268946601,4.117723436075158
2010-07,30.031373467814966,26.218545740587928,619.7900406912762,90.67866820544556,3.829212795619694
2010-08,29.999563904365658,25.998649617044737,496.01967692976183,90.6871915680058,4.018405832468096
2010-09,29.93655583433846,25.822581335916894,334.1059976818215,89.01417464900288,4.131447474638505
2010-10,29.69613761915661,24.142303013224126,209.30749806309188,84.07953669510094,5.572059160107859
2010-11,27.93596709112298,19.83563975985646,88.70592696193216,78.88025669435032,8.115234733620303
2010-12,25.08539386310519,15.425276222799825,60.09392076819742,74.71656539286128,9.675541548252443
2011-01,24.626872128755743,13.62532826596576,55.98713863445229,67.73190223250369,11.01614684321208
2011-02,27.782755176918627,16.49185702202643,64.88115685120485,61.8266317813992,11.310458989170407
2011-03,31.855498285270738,21.083172403788765,83.99286823549934,62.37765908141377,10.782290668334626
2011-04,32.865419185802615,24.701101347667517,144.75672355018094,72.79699289467332,8.171518453019583
2011-05,31.93847844035172,26.23409733950793,266.7827420133801,79.51104334813489,5.722848925873722
2011-06,30.651769415920917,26.68778019634719,484.93864025040887,87.99104402046304,3.9802729699920167
2011-07,30.049893498513185,26.256414053085088,644.0052863152944,90.67123100021014,3.8031349949530373
2011-08,30.00553941545987,26.011532766272957,502.23862743024193,90.6014108178194,4.007099289674506
2011-09,29.92593149875252,25.79491566949278,338.38593387095415,88.9396029872652,4.144252337409742
2011-10,29.63055627202185,24.11187040302855,215.27654304416083,83.82656146043514,5.534203447756469
2011-11,27.94662194110932,20.008205905242633,102.2776472993159,79.43412896854642,7.9443007141522815
2011-12,25.08073184020544,15.477080718924341,73.97558627513138,75.02442803244685,9.611451078881153
2012-01,24.579457760155254,13.676627266424534,68.96396651789851,68.37245711043704,10.911657087448932
2012-02,27.617977945870773,16.39182283423223,74.70641945188518,62.33217521089519,11.249882451917264
2012-03,31.53169752364157,21.260805546101476,95.73721263032976,67.00888572882874,10.285827224429124
2012-04,32.73617746611453,24.697726556889023,155.09602580036187,72.14846012935462,8.056542654384119
2012-05,32.04402560318279,26.237589892657674,331.13749407589694,78.72743451360763,5.813266701414518
2012-06,30.83040844999369,26.65025309944748,469.4464859435002,86.67725596257037,4.188811123871633
2012-07,29.88128902820213,26.20889618481513,611.2657799272721,91.15344056613111,3.681410865556461
2012-08,29.868733241792402,26.037534840796603,523.0686936492623,91.34127404208564,3.836962972234416
2012-09,29.83589450099892,25.94452882547667,365.8948142316836,89.66105141101264,3.8969298253444626
2012-10,29.707429824467727,24.279277321484404,238.47499852436246,85.12774181946992,5.431348241041336
2012-11,27.796632848137936,19.56482100039636,102.77927404460732,78.31739437767493,8.244640907093256
2012-12,24.975075027089783,15.388428064549974,73.07102396901684,74.6129513290093,9.597920228249714
2013-01,24.600760934552333,13.588149469716233,70.46518998596639,66.94110714232632,11.019946003004288
2013-02,27.998522949366638,16.759169979875054,85.59904515567945,61.244447493053286,11.231503092912146
2013-03,31.599177540543472,21.223987528493577,105.42089191990343,65.6291686852094,10.382633677617974
2013-04,32.74219694263452,24.721846478152223,165.34677366346358,72.5051902900443,8.028842918728483
2013-05,31.97101506170115,26.260256792239367,323.0006949500158,79.14777309672837,5.715519133213153
2013-06,30.730059381368886,26.6869104864608,487.71394873649865,87.29078701177158,4.048548524055217
2013-07,29.8959664907994,26.24952241883017,635.9453821715585,91.17608338611379,3.649901260125723
2013-08,29.874749958354123,26.054272843436173,530.0388638917532,91.27057809871744,3.8229359413838235
2013-09,29.827342579306595,25.919556137590124,370.35407876081797,89.5914407024726,3.910237637004155
2013-10,29.64258291393264,24.245326635558776,244.11776081819278,84.85002348352018,5.399031251014156
2013-11,27.80677479906069,19.735112918007633,115.94717197213973,78.84446278859147,8.07665347358217
2013-12,24.970980179852248,15.44312138551981,86.86506805133769,74.91580834088538,9.532315638759721
2014-01,24.554791885801187,13.64334887220928,83.56062120395987,67.59108049445166,10.913531582971547
2014-02,27.830444052574713,16.661968981362886,95.58635978952287,61.800469035094025,11.165599380820526
2014-03,31.667560441324685,21.18886817552636,115.04311338928693,64.25311874319092,10.478811003673115
2014-04,32.745700984064264,24.747109198201354,175.43633896418544,72.88960468552779,7.997810140562852
2014-05,31.896210217532605,26.28325590957887,315.08103140625815,79.57742429635222,5.615977611783869
2014-06,30.63088367204673,26.72358374632218,506.41914936971057,87.8971885658472,3.909625681169006
2014-07,29.912585339180517,26.28952273113647,660.4021509244665,91.18355088757954,3.6211150417059628
2014-08,29.88077577500053,26.069752643250446,536.6317870648152,91.19205028275131,3.810308079580066
2014-09,29.817767704243277,25.893810397780186,374.7181077188837,89.51900939635986,3.9233497227763747
2014-10,29.577349488354947,24.21365404507859,249.91960800530794,84.58434824821117,5.363961409238594
2014-11,27.81717895959075,19.907116827367528,129.31803680616468,79.38504428006935,7.907136983777414
2014-12,24.966605730865933,15.496875260302389,100.70603051761583,75.22132978433623,9.46744379940158
2015-01,24.50808399578698,13.697053339126093,96.5992482859123,68.23664265658661,10.80804909538743
2015-02,27.663967043220104,16.56370813084439,105.49326640470395,62.33134823809218,11.102361242371911
2015-03,31.73671015091348,21.155137351266312,124.60497770050051,62.88235389014004,10.574192922462236
2015-04,32.74663105071415,24.77319233080141,185.36883291714906,73.30166373601612,7.963420708173196
2015-05,31.819690304556463,26.306310292633032,307.39485128545107,80.01569099523189,5.514751182019886
2015-06,30.53298127954839,26.7600429441425,525.5507494105691,88.49569096553753,3.772175227081521
2015-07,29.931105361582553,26.328724989271343,684.6173953670595,91.17587726591265,3.5950372529555614
2015-08,29.88675127795298,26.083893497129793,542.8507363699465,91.10605638149514,3.79900154862097
2015-09,29.807143359547776,25.867326213317153,378.99804268901363,89.44420097300411,3.937553196352293
2015-10,29.51176813117514,24.184329152949065,255.88865174437842,84.33111340299263,5.328857790568797
2015-11,27.827833798565496,20.08071446812908,142.88975587794914,79.93863333315588,7.740353656963067
2015-12,24.96194369601963,15.549637487909447,114.58769473609331,75.52888635389166,9.408857505559112
2016-01,24.460669614272383,13.74923384837637,109.57607485722568,68.87686785393528,10.710462114124578
2016-02,27.49918979829177,16.464479229151234,115.31852766955302,62.83653837644293,11.050086078591058
2016-03,31.412909374474495,21.3335085402474,136.34932073409746,67.51320438597755,10.087339218842239
2016-04,32.61738931525033,24.770479364001922,195.70813378260078,72.65273120856492,7.859453248794559
2016-05,31.92523745067595,26.310390905867294,371.74960194039113,79.23165954964277,5.6175307796935074
2016-06,30.711620295790357,26.723103925624336,510.05859368633094,87.18143342065747,3.9944738021483417
2016-07,29.762500872356895,26.28179521708926,651.8778875524451,91.65757198104363,3.4884270277018463
2016-08,29.749945084249806,26.110483686037306,563.6808011527153,91.84535787905565,3.645377734377377
2016-09,29.71710634175923,26.017527483684667,406.5069216135767,90.16508767003779,3.706743187484477
2016-10,29.58864166358555,24.352324185789154,279.0871057884493,85.63173203532413,5.242515087049998
2016-11,27.677844685593676,19.63786788478214,143.39138116967464,78.82133710411058,8.057206351788048
2016-12,24.8562868629377,15.461474968370137,113.68313095952561,75.11684809794136,9.41183915554348
2017-01,24.481972768739,13.661196393618159,111.07729683739998,67.44495642183615,10.835263528984255
2017-02,27.886023623626055,16.832216924406104,126.08320620830108,61.745689761321685,11.052651352065432
2017-03,31.492358457448127,21.297034491655257,145.78948902512994,66.12805623364214,10.209048405445042
2017-04,32.6416666996113,24.794893461942152,205.58742496982615,73.00147082723865,7.861088379729166
2017-05,31.87657079294105,26.333303795992293,363.1175277412262,79.64153071981809,5.553407239220199
2017-06,30.64190395268109,26.75995751084168,527.7028357289772,87.78193762361524,3.8922673632363574
2017-07,29.813897036375927,26.32256946317388,675.8104506490096,91.66471108384488,3.4992627443145468
2017-08,29.7989693440023,26.12731990840778,569.7759865702175,91.75659878520729,3.6781281587461674
2017-09,29.757850805027477,25.992603223189263,409.9632556403684,90.07485437771432,3.771260587541418
2017-10,29.57917711391678,24.318373741120695,283.603119182691,85.33091424465292,5.265696846558109
2017-11,27.749657839117024,19.80816004419697,155.30458453777143,79.32274653848191,7.94914980230066
2017-12,24.91994919417271,15.516168531673145,126.09866210197865,75.3915691766708,9.410454612484486
2018-01,24.51004974019353,13.716396038990009,122.66626945563644,68.06423431898975,10.797501289870587
2018-02,27.791990747040153,16.735016168772567,134.56406224240192,62.27101584838873,11.055399820893388
2018-03,31.634787378435377,21.261915381567142,153.90525189482017,64.72131083665194,10.373877912419285
2018-04,32.7192167617887,24.82015642308529,214.17053180014443,73.35519038124218,7.898707782850819
2018-05,31.875811970044882,26.356303152697812,353.69140585234794,80.04048767166094,5.522517899435474
2018-06,30.61677426517281,26.796631008284,544.9015781464416,88.35764554340741,3.8219967023627124
2018-07,29.904561907094845,26.362570011332895,698.7607613113053,91.64148554473167,3.5391287082641143
2018-08,29.87904118352872,26.14279994228968,574.8624517821265,91.647378542152,3.7341524796804597
2018-09,29.82232195338569,25.966857715662464,412.8208267667593,89.97173125801169,3.8530248564190983
2018-10,29.587989712285413,24.286701381195865,287.8985086633626,85.03454778945509,5.29927918824519
2018-11,27.834108024135517,19.980164182327993,167.16899179466702,79.83263742356176,7.848285496326288
2018-12,24.98962077019876,15.569922633497203,138.43316711630877,75.66640060742006,9.414234957314953
2019-01,24.53738787573309,13.770100731163632,134.1984392151567,68.6791070819262,10.760670986842563
2019-02,27.699559763780808,16.636755541725158,142.96451166437552,62.77120626567684,11.060813867369525
2019-03,31.777983114608308,21.228184779165716,161.96065912963587,63.319857752022145,10.537912016465516
2019-04,32.794192855024434,24.846239777544252,222.59656867686073,73.73656120013639,7.932970535719605
2019-05,31.8733380836546,26.37935775761038,344.49876865538045,80.44806613894379,5.489943654930453
2019-06,30.592917899260257,26.833090427962887,562.5267211109656,88.92545971150305,3.753198433533954
2019-07,29.997127956081837,26.40177249132622,721.4695486775636,91.6031236914734,3.5817031047717616
2019-08,29.95906271306725,26.156941018027638,579.5749440109935,91.53069640929974,3.7914981339803466
2019-09,29.885743636395905,25.940373734761508,415.59430467025294,89.86628147898273,3.9344819161995215
2019-10,29.596454383894404,24.257376674922085,292.3610953451024,84.75071695236878,5.330075672823533
2019-11,27.918808893019246,20.153761990648775,179.23425381884232,80.3556773607043,7.746003673706066
2019-12,25.059004766344547,15.622685010957671,150.8083742964219,75.94345342483615,9.41879668470983
2020-01,24.564019526331464,13.822281371970744,145.66880875756343,69.28887540305199,10.724833427763835
2020-02,27.608828552084024,16.537526753291832,151.2833159100584,63.24598640373765,11.068889526717797
2020-03,31.528431238277612,21.40655606489868,172.194417873452,67.92025802186951,10.11028885729863
2020-04,32.73920002078711,24.843526889199982,231.4252852620969,73.05722532264082,7.886835021738351
2020-05,32.05313413208388,26.383438431594417,407.3429350393118,79.63367670711563,5.6492017150444305
2020-06,30.845805818931613,26.79615145189765,545.5239811255158,87.58089105630867,4.030576871986939
2020-07,29.90277237137082,26.35484274389154,687.2194566111598,92.05455266008406,3.5288192599491377
2020-08,29.89650542499746,26.183531213385905,598.8944245514285,92.23977903626995,3.6902021011125705
2020-09,29.869955524240925,26.090575011579308,441.5925993523889,90.55694930542658,3.7559996887082185
2020-10,29.747576821939102,24.42537171421248,314.0489651467304,86.02111671410174,5.2960607506819315
2020-11,27.843068685680873,19.71091541375242,178.2252948680687,79.20816226107026,8.115184149907188
2020-12,25.02759683889705,15.534522497868679,148.3932262774814,75.50119629829061,9.474106116071523
2021-01,24.659571586431976,13.734243923663296,145.6594464955088,67.8267451003611,10.901962623999873
2021-02,28.063622441318138,16.90526445445009,160.66535586637335,62.127478439848076,11.119350447081363
2021-03,31.66995727514126,21.370082021700643,180.3716386832664,66.50984491216889,10.275747500460554
2021-04,32.81926551730397,24.867940991987005,240.16957462794159,73.3832595057636,7.9277874747447825
2021-05,32.054169610634325,26.406351326036955,397.69967739944326,80.02331939833707,5.620106334236569
2021-06,30.819502770372832,26.83300504088654,562.2849853871458,88.16372630214589,3.9589664582510413
2021-07,29.991495854068287,26.39561699321821,710.39260030692,92.04649976237063,3.565961839330377
2021-08,29.976568161695553,26.200367438452506,604.3581362282694,92.1383874637289,3.7448272537624825
2021-09,29.935449622720384,26.06565075323344,444.5454052984157,90.45664305623644,3.8379596825579387
2021-10,29.7567759316096,24.391421271165225,318.1852688407387,85.71270292317602,5.332395941574175
2021-11,27.927256656810098,19.881207574242474,189.88673419583418,79.70453521700723,8.015848897315985
2021-12,25.097548011865523,15.58921606171807,160.68081176004998,75.77335785519746,9.477153707500136
2022-01,24.687648557886305,13.789443569035074,157.24841911372727,68.44602299751833,10.864200384886065
2022-02,27.96958956473208,16.808063698817115,169.14621190043698,62.652804526918445,11.122098915908566
2022-03,31.812386196127626,21.334962911611875,188.4874015528054,65.10309951518238,10.440577007434614
2022-04,32.89681557948176,24.89320395313028,248.75268145825635,73.73697905976753,7.965406877866658
2022-05,32.05341078773782,26.429350682742346,388.2735555104622,80.42227635018594,5.589216994451656
2022-06,30.794373082866933,26.86967853832873,579.4837278044158,88.73943422192444,3.8886957973798375
2022-07,30.082160724787663,26.43561754137754,733.3429109693318,92.02327422325521,3.605827803280072
2022-08,30.05664000122136,26.21584747233461,609.4446014402215,92.02916722067944,3.8008515746959244
2022-09,29.99992077107892,26.03990524570721,447.40297642483995,90.35351993653113,3.91972395143534
2022-10,29.76558852997828,24.35974891124039,322.4806583213754,85.41633646797764,5.365978283261288
2022-11,28.011706841828683,20.053211712373333,201.75114145276333,80.21442610208615,7.914984591341878
2022-12,25.167219587891466,15.64297016354196,173.01531677437515,76.04818928594497,9.480934052330683
2023-01,24.71498669342634,13.843148261208825,168.78058887324485,69.06089576044928,10.82737008185836
2023-02,27.87715858147307,16.709803071769244,177.54666132249858,63.15299494420138,11.127512962385538
2023-03,31.95558193230156,21.301232309210317,196.54280878775444,63.70164643054118,10.604611111481917
2023-04,32.97179167271727,24.919287307588647,257.17871833492654,74.11834987865835,7.999669630735828
2023-05,32.050936901347605,26.452405287655196,379.0809183134106,80.82985481746705,5.55664274994642
2023-06,30.770516716953075,26.90613795800792,597.1088707690416,89.30724839002909,3.819897528549518
2023-07,30.174726773775376,26.47482002137138,756.0516983357097,91.98491236999425,3.6484021997878884
2023-08,30.136661530759923,26.22998854807265,614.1570936690863,91.9124850878265,3.8581972289957647
2023-09,30.063342454088755,26.013421264806322,450.1764543283282,90.2480701575065,4.0011810112153325
2023-10,29.77405320158751,24.330424204967,326.9432450032102,85.13250563089522,5.396774767839487
2023-11,28.096407710711937,20.226809520693315,213.81640347682142,80.73746603922984,7.812702768722042
2023-12,25.236603584037564,15.69573254100224,185.3905239544599,76.32524210335752,9.48549577972606
2024-01,24.741618344024307,13.89532890201497,180.2509584155948,69.67066408157247,10.791532522780237
2024-02,27.786427369776284,16.610574283335808,185.86546556813954,63.6277750822635,11.135588621733902
2024-03,31.70603005596944,21.479603594943836,206.77656753151848,68.30204670040872,10.17698795231311
2024-04,32.916798838479906,24.916574419244977,266.00743492017006,73.43901400116481,7.953534116753938
2024-05,32.23073294977722,26.456485961638926,441.9250846974567,80.01546538563566,5.715900810061024
2024-06,31.0234046366251,26.86919898194268,580.1061307835532,87.96267973483117,4.097275967003144
2024-07,30.080371189063204,26.427890273935862,721.8016062690695,92.43634133860971,3.595518354964995
2024-08,30.074104242690463,26.256578743430275,633.4765742095487,92.62156771479191,3.7569011961289918
2024-09,30.0475543419337,26.163622541624505,476.17474901056573,90.9387379839509,3.8226987837235527
2024-10,29.92517563963282,24.498419244258166,348.63111480486924,86.40290539263007,5.362759845697684
2024-11,28.02066750337444,19.78396294379684,212.80744452624086,79.58995093958602,8.1818832449241
2024-12,25.205195656589304,15.607570027913178,182.9753759355466,75.88298497681598,9.540805211087086
2025-01,24.83717040412499,13.80729145370767,180.2415961535594,68.20853377888244,10.96866171901628
2025-02,28.241221259010725,16.978311984494663,195.2475055244258,62.50926711837401,11.186049542097155
2025-03,31.84755609283443,21.44312955174463,214.9537883412702,66.89163359068444,10.342446595477515
2025-04,32.996864334996935,24.940988522031528,274.7517242859651,73.7650481842846,7.99448656976099
2025-05,32.231768428326895,26.47939885608132,432.28182705742535,80.405108076863,5.686805429252562
2025-06,30.99710158806661,26.906052570931013,596.867135045131,88.54551498066364,4.025665553268104
2025-07,30.169094671761478,26.46866452326327,744.9747499651107,92.42828844089473,3.6326609343462626
2025-08,30.154166979388165,26.273414968497356,638.9402858863662,92.52017614225707,3.811526348777994
2025-09,30.113048440413,26.138698283278753,479.1275549565249,90.8384317347659,3.9046587775729993
2025-10,29.934374749302954,24.464468801210568,352.76741849886025,86.09449160170236,5.399095036589933
2025-11,28.10485547450258,19.95425510428612,224.4688838538676,80.08632389553065,8.082547992332636
2025-12,25.275146829558413,15.662263591762194,195.2629614180822,76.15514653371923,9.543852802516692
2026-01,24.865247375579536,13.862491099079637,191.8305687718144,68.82781167603561,10.930899479902497
2026-02,28.147188382425945,16.881111228862153,203.72836155852636,63.03459320543625,11.188798010925144
2026-03,31.98998501382087,21.408010441656472,223.06955121092344,65.48488819370138,10.50727610245101
2026-04,33.07441439717472,24.966251483174826,283.3348311162808,74.11876773828868,8.032105972882835
2026-05,32.23100960543049,26.502398212787224,422.8557051684922,80.80406502871088,5.655916089467228
2026-06,30.971971900558945,26.942726068372753,614.0658774625164,89.12122290044896,3.955394892395643
2026-07,30.259759542480943,26.508665071422637,767.9250606274209,92.40506290177629,3.672526898296007
2026-08,30.234238818914235,26.28889500237915,644.026751098271,92.41095589920039,3.867550669712063
2026-09,30.177519588771553,26.112952775751545,481.9851260828606,90.73530861505739,3.986423046451434
2026-10,29.94318734767087,24.4327964412852,357.0628079795425,85.7981251465062,5.4326773782768605
2026-11,28.18930565952107,20.126259242417067,236.33329111081125,80.59621478060956,7.981683686358329
2026-12,25.344818405584064,15.71601769358679,207.59746643248855,76.42997796447206,9.547633147346236
2027-01,24.892585511118824,13.916195791253111,203.3627385312768,69.44268443897458,10.894069176874359
2027-02,28.054757399167716,16.78285060181539,212.12881098056567,63.53478362272139,11.194212057401682
2027-03,32.13318074999578,21.374279839254985,231.12495844588005,64.08343510905033,10.671310206499195
2027-04,33.14939049040997,24.992334837633436,291.7608679930173,74.50013855718463,8.066368725751527
2027-05,32.22853571904008,26.525452817699676,413.66306797154505,81.21164349599385,5.623341844962197
2027-06,30.948115534646842,26.97918548805241,631.6910204270591,89.68903706854651,3.8865966235665477
2027-07,30.352325591468272,26.547867551416097,790.6338479937888,92.3667010485191,3.715101294803835
2027-08,30.314260348452812,26.30303607811718,648.7392433271341,92.29427376634727,3.9248963240119243
2027-09,30.240941271781715,26.08646879485139,484.7586039863914,90.62985883603291,4.067880106230987
2027-10,29.951652019280218,24.403471735011685,361.52539466129144,85.51429430942156,5.4634738628552855
2027-11,28.274006528404502,20.299857050737685,248.39855313492737,81.11925471775446,7.879401863738001
2027-12,25.41420240173064,15.768780071047368,219.972673612565,76.70703078188343,9.552194874741756
2028-01,24.919217161717377,13.968376432060174,214.83310807374266,70.05245276009842,10.858231617795855
2028-02,27.964026187469983,16.683621813381098,220.44761522622179,64.00956376078437,11.20228771675004
2028-03,31.88362887366324,21.55265112498824,241.35871718959046,68.68383537892026,10.243687047330255
2028-04,33.09439765617255,24.989621949289393,300.58958457827896,73.82080267969175,8.020233211769945
2028-05,32.408331767469875,26.52953349168405,476.50723435565277,80.39725406416376,5.7825999050762995
2028-06,31.20100345431835,26.942246511987715,614.6882804416186,88.34446841335622,4.163975062019107
2028-07,30.257970006756455,26.500937803980772,756.383755927209,92.81813001713205,3.662217449981085
2028-08,30.25170306038353,26.329626273475252,668.058723867591,93.00335639331666,3.8236002911448463
2028-09,30.225153159626736,26.236670071668797,510.75689866859364,91.32052666247289,3.8893978787400845
2028-10,30.102774457325463,24.57146677430289,383.2132644629871,86.78469407115729,5.429458940713391
2028-11,28.198266321067635,19.857010473843165,247.3895941843826,79.97173961811458,8.248582339938686
2028-12,25.382794474282242,15.68061755795787,217.55752559362685,76.26477365533879,9.607504306103108
2029-01,25.014769221817733,13.880338983752669,214.8237458116098,68.59032245740975,11.035360814031806
2029-02,28.41882007670358,17.051359514539403,229.82965518250322,62.891055796896346,11.25274863711305
2029-03,32.02515491052598,21.516177081789543,249.53593799932835,67.27342226922512,10.409145690491961
2029-04,33.17446315268956,25.01403605207631,309.33387394408555,74.14683686281036,8.061185664776634
2029-05,32.409367246019656,26.552446386126555,466.86397671546473,80.78689675539047,5.753504524267848
2029-06,31.17470040575953,26.979100100976325,631.449284703264,88.92730365919142,4.092364648283456
2029-07,30.346693489454466,26.541712053308018,779.5568996230888,92.81007711941648,3.6993600293622673
2029-08,30.33176579708112,26.34646249854207,673.5224355444578,92.90196482078012,3.8782254437939923
2029-09,30.29064725810579,26.211745813323954,513.7097046147034,91.22022041329025,3.9713578725883414
2029-10,30.111973566995328,24.537516331254853,387.34956815691095,86.47628028022586,5.465794131605829
2029-11,28.282454292195897,20.027302634332045,259.0510335120181,80.46811257405606,8.149247087347755
2029-12,25.452745647251028,15.735311121806566,229.8451110761208,76.5369352122402,9.610551897532742
2030-01,25.04284619327229,13.935538629124084,226.41271842990523,69.20960035455856,10.997598574918591
2030-02,28.324787200116052,16.9541587589052,238.31051121653803,63.41638188396995,11.255497105940114
2030-03,32.167583831513895,21.481057971700462,257.65170086895307,65.86667687221971,10.573975197467824
2030-04,33.25201321486743,25.03929901321962,317.9169807743789,74.50055641681716,8.098805067898505
2030-05,32.40860842312349,26.575445742831512,457.4378548265741,81.18585370723302,5.722615184483719
2030-06,31.149570718252875,27.015773598418303,648.6480271205633,89.50301157897268,4.022093987411742
2030-07,30.437358360173686,26.58171260146724,802.5072102855482,92.78685158030282,3.739225993311935
2030-08,30.411837636607626,26.361942532424223,678.6089007563144,92.79274457772675,3.9342497647281207
2030-09,30.35511840646443,26.186000305796686,516.5672757409964,91.11709729358269,4.053122141466925
2030-10,30.120786165364446,24.505843971330258,391.6449576375433,86.17991382502711,5.499376473293116
2030-11,28.366904477213705,20.19930677246136,270.91544076885,80.97800345913491,8.04838278137445
2030-12,25.522417223277447,15.789065223631237,242.17961609051,76.81176664299254,9.614332242362927
2031-01,25.070184328811845,13.98924332129798,237.94488818938606,69.82447311749829,10.960768271890268
2031-02,28.23235621685983,16.855898131859366,246.71096063863683,63.91657230124736,11.260911152417659
2031-03,32.31077956768745,21.44732736929987,265.7071081039154,64.4652237875882,10.738009301513785
2031-04,33.32698930810329,25.06538236767849,326.34301765104726,74.88192723570512,8.133067820767556
2031-05,32.406134536732566,26.598500347744807,448.2452176293712,81.59343217452304,5.690040939977354
2031-06,31.125714352338665,27.052233018097237,666.2731700852364,90.07082574707772,3.9532957185813324
2031-07,30.52992440916103,26.620915081460765,825.2159976518593,92.74848972704326,3.781800389819689
2031-08,30.49185916614582,26.376083608162283,683.3213929852285,92.67606244487556,3.991595419027556
2031-09,30.418540089474497,26.159516324896003,519.3407536444437,91.01164751455774,4.13457920124694
2031-10,30.129250836973014,24.476519265056194,396.107544319305,85.89608298793969,5.530172957871358
2031-11,28.451605346098244,20.372904580783484,282.98070279304295,81.50104339627579,7.946100958753684
2031-12,25.59180121942319,15.841827601091628,254.55482327061415,77.08881946040592,9.61889396975785
2032-01,25.096815979409758,14.041423962104659,249.41525773183372,70.43424143862596,10.924930712811564
2032-02,28.141625005164467,16.756669343427248,255.02976488427598,64.39135243930471,11.268986811766045
2032-03,32.061227691355704,21.625698655033815,275.94086684772446,69.06562405745547,10.310386142344912
2032-04,33.271996473865556,25.062669479334268,335.17173423628003,74.20259135821216,8.08693230678585
2032-05,32.585930585162096,26.60258102172873,511.0893840133835,80.77904274269248,5.849299000091668
2032-06,31.37860227200994,27.015294042031762,649.2704300997367,88.72625709188253,4.230674157034482
2032-07,30.43556882444866,26.57398533402513,790.9659055852667,93.1999186956605,3.728916544996736
2032-08,30.429301878075975,26.40267380351974,702.640873525691,93.38514507184038,3.8902993861605957
2032-09,30.402751977319475,26.30971760171405,545.3390483266712,91.7023153409993,3.9560969737553346
2032-10,30.28037327501774,24.644514304346558,417.7954141209329,87.16648274967224,5.496158035729813
2032-11,28.375865138759874,19.93005800388633,281.9717438423795,80.35352829663717,8.31528143495558
2032-12,25.560393291975373,15.753665088002808,252.13967525169713,76.64656233386394,9.674203401119055
2033-01,25.192368039510935,13.953386513797266,249.40589546959635,68.97211113592893,11.102059909048181
2033-02,28.596418894397985,17.12440704458546,264.41180484057867,63.27284447541811,11.31944773212907
2033-03,32.20275372822057,21.589224611834386,284.1180876574396,67.65521094772988,10.475844785509425
2033-04,33.35206197038326,25.08708358212103,343.9160236021247,74.52862554133605,8.127884759793288
2033-05,32.58696606371311,26.625493916171045,501.4461263737057,81.16868543390815,5.8202036192845785
2033-06,31.352299223452523,27.0521476310203,666.0314343612607,89.30909233771033,4.159063743300276
2033-07,30.52429230714783,26.614759583353013,814.1390492814356,93.19186579794128,3.766059124378396
2033-08,30.509364614774583,26.419510028586547,708.1045852025204,93.28375349929854,3.9449245388107785
2033-09,30.468246075799243,26.284793343367777,548.2918542726312,91.6020090918073,4.038056967605767
2033-10,30.289572384688043,24.610563861299557,421.93171781499285,86.85806895875218,5.532493226621615
2033-11,28.460053109888662,20.100350164375918,293.63318317006133,80.84990125257798,8.215946182364448
2033-12,25.63034446494457,15.808358651852462,264.4272607342763,76.91872389076738,9.677250992548096
2034-01,25.22044501096515,14.008586159169313,260.9948680878764,69.59138903308909,11.064297669933989
2034-02,28.50238601781046,17.02720628895095,272.8926608746415,63.7981705624913,11.322196200956464
2034-03,32.345182649206485,21.554105501746008,292.2338505270627,66.2484655507521,10.64067429248264
2034-04,33.4296120325606,25.11234654326446,352.4991304324566,74.88234509533928,8.165504162914612
2034-05,32.586207240817174,26.64849327287648,492.02000448480277,81.56764238575306,5.789314279500185
2034-06,31.32716953594508,27.08882112846366,683.2301767787806,89.88480025750309,4.088793082426362
2034-07,30.61495717786666,26.654760131511996,837.0893599435271,93.16864025882467,3.805925088327915
2034-08,30.589436454300095,26.434990062468724,713.191050414419,93.17453325625021,4.000948859743886
2034-09,30.532717224157615,26.259047835841255,551.1494253990257,91.49888597210338,4.119821236483318
2034-10,30.29838498305621,24.578891501373818,426.2271072955547,86.56170250354633,5.566075568309165
2034-11,28.54450329490768,20.272354302508045,305.49759042696496,81.35979213765772,8.115081876389489
2034-12,25.700016040969885,15.862112753676262,276.76176574859846,77.19355532152017,9.681031337378123
2035-01,25.247783146504833,14.062290851342642,272.52703784743585,70.20626179602085,11.027467366906386
2035-02,28.40995503455315,16.928945661904717,281.29311029669856,64.29836097976971,11.327610247433356
2035-03,32.488378385380365,21.520374899344638,300.2892577619592,64.84701246611417,10.804708396529723
2035-04,33.504588125796026,25.138429897723032,360.92516730914724,75.26371591423032,8.199766915783519
2035-05,32.58373335442634,26.671547877789532,482.82736728756424,81.97522085304007,5.756740034994153
2035-06,31.30331317003174,27.125280548142044,700.8553197432792,90.45261442560023,4.01999481359738
2035-07,30.707523226853457,26.69396261150519,859.7981473098291,93.13027840556923,3.848499484835505
2035-08,30.66945798383814,26.44913113820706,717.9035426433262,93.05785112340243,4.058294514042874
2035-09,30.596138907167475,26.232563854939723,553.9229033024828,91.39343619307715,4.201278296263996
2035-10,30.306849654666255,24.54956679510095,430.6896939773445,86.27787166646256,5.596872052887587
2035-11,28.629204163790856,20.44595211082776,317.56285245108194,81.8828320748012,8.012800053769798
2035-12,25.769400037116366,15.914875131136691,289.1369729286696,77.4706081389298,9.685593064773713
2036-01,25.274414797103162,14.114471492150207,283.9974073899622,70.81603011715038,10.991629807827126
2036-02,28.319223822855314,16.82971687347001,289.6119145424001,64.77314111783392,11.335685906782052
2036-03,32.23882650904793,21.69874618507856,310.5230165057847,69.44741273598775,10.3770852373602
2036-04,33.44959529155908,25.13571700937917,369.7538838943805,74.5843800367384,8.15363140180219
2036-05,32.76352940285578,26.675628551773436,545.6715336715864,81.16083142121003,5.915998095108393
2036-06,31.556201089703155,27.088341572077045,683.852579757806,89.10804577040894,4.297373252050159
2036-07,30.613167642141143,26.64703286406959,825.5480552432343,93.58170737418659,3.7956156400125627
2036-08,30.606900695769397,26.47572133356471,737.2230231836905,93.76693375036359,3.9569984811768246
2036-09,30.58035079501277,26.38276513175773,579.9211979845855,92.08410401952062,4.022796068772752
2036-10,30.45797209271139,24.717561834392253,452.3775637791072,87.54827142820146,5.5628571307454955
2036-11,28.553463956452806,20.003105533930796,316.55389350047636,80.73531697516002,8.381980529971814
2036-12,25.73799210966893,15.826712618048722,286.7218249098513,77.02835101239098,9.7409024961344
2037-01,25.369966857203664,14.026434043842638,283.988045127889,69.35389981445977,11.168759004063281
2037-02,28.774017712088874,17.19745457462865,298.9939544986546,63.654633153946946,11.386146827144657
2037-03,32.38035254591334,21.662272141879562,318.7002373155185,68.03699962625912,10.5425438805248
2037-04,33.52966078807564,25.16013111216579,378.49817326020474,74.91041421986024,8.194583854808721
2037-05,32.76456488140642,26.698541446215806,536.0282760318796,81.55047411243079,5.8869027143008825
2037-06,31.52989804114557,27.12519516106509,700.6135840193018,89.69088101623309,4.225762838316314
2037-07,30.7018911248403,26.68780711339746,848.7211989394038,93.57365447646731,3.83275821939422
2037-08,30.68696343246733,26.49255755863151,742.6867348606013,93.66554217782485,4.011623633826309
2037-09,30.645844893491997,26.357840873413036,582.8740039307103,91.98379777033374,4.104756062621018
2037-10,30.467171202381863,24.68361139134504,456.5138674730947,87.2398576372772,5.599192321637675
2037-11,28.637651927581764,20.173397694422718,328.2153328282026,81.23168993111018,8.282645277378439
2037-12,25.80794328263755,15.881406181896944,299.00941039232174,77.30051256928958,9.743950087564375
2038-01,25.398043828658274,14.081633689214128,295.57701774602407,69.97317771160905,11.13099676495007
2038-02,28.679984835504534,17.100253818996173,307.4748105327446,64.1799592410106,11.388895295973052
2038-03,32.52278146689963,21.627153031791394,326.81600018519805,66.63025422927882,10.707373387498158
2038-04,33.607210850252905,25.185394073309126,387.08128009057543,75.2641337738633,8.23220325793008
2038-05,32.76380605850941,26.721540802921428,526.6021541427333,81.94943106428177,5.856013374515251
2038-06,31.504768353637875,27.16186865850688,717.8123264367285,90.26658893601704,4.155492177443771
2038-07,30.792555995558818,26.72780766155635,871.6715096014343,93.55042893735204,3.8726241833435133
2038-08,30.767035271993414,26.508037592513695,747.7732000725108,93.55632193477317,4.067647954759979
2038-09,30.71031604185005,26.332095365885785,585.731575057063,91.8806746506297,4.186520331499018
2038-10,30.475983800750033,24.65193903141928,460.80925695365374,86.94349118207123,5.632774663325249
2038-11,28.722102112599952,20.345401832552227,340.0797400850103,81.74158081618467,8.181780971405352
2038-12,25.877614858662398,15.935160283720714,311.3439154066845,77.57534400004319,9.747730432393986
2039-01,25.4253819641982,14.135338381387221,307.10918750548433,70.5880504745385,11.094166461922928
2039-02,28.58755385224421,17.001993191947395,315.8752599547596,64.68014965829708,11.394309342449676
2039-03,32.665977203074945,21.593422429388742,334.8714074200791,65.22880114461414,10.871407491547913
2039-04,33.68218694348915,25.211477427767797,395.5073169672363,75.64550459275544,8.26646601079963
2039-05,32.76133217211882,26.744595407834012,517.4095169456987,82.35700953156687,5.82343913000993
2039-06,31.48091198772493,27.198328078187053,735.4374694013345,90.83440310412581,4.086693908613308
2039-07,30.885122044547266,26.76701014155056,894.3802969679849,93.51206708408857,3.9151985798516717
2039-08,30.8470568015317,26.52217866825172,752.4856923013202,93.43963980192218,4.124993609059573
2039-09,30.773737724860194,26.305611384985536,588.5050529606793,91.775224871607,4.267977391278636
2039-10,30.484448472358277,24.62261432514571,465.2718436355699,86.6596603449963,5.663571147902669
2039-11,28.806802981483546,20.518999640871673,352.1450021091882,82.26462075332213,8.079499148786363
2039-12,25.946998854809046,15.98792266118188,323.7191225868133,77.85239681746097,9.752292159788961
2040-01,25.452013614796055,14.187519022194637,318.57955704801117,71.19781879567327,11.05832890284338
2040-02,28.49682264054889,16.90276440351529,324.19406420047187,65.15492979635468,11.402385001798088
2040-03,32.416425326742015,21.77179371512154,345.10516616374423,69.82920141448425,10.443784332379055
2040-04,33.62719410925144,25.208764539423925,404.3360335524577,74.96616871526274,8.220330496817612
2040-05,32.94112822054865,26.748676081818147,580.2536833297775,81.54262009973426,5.982697190124316
2040-06,31.733799907397163,27.161389102122893,718.434729415877,89.48983444893368,4.364072347066022
2040-07,30.79076645983528,26.720080394115143,860.1302049014516,93.96349605270343,3.8623147350288645
2040-08,30.784499513462293,26.548768863609453,771.8051728417886,94.14872242888687,4.023697576192747
2040-09,30.7579496127052,26.455812661803357,614.5033476428154,92.46589269805092,4.0894951637873085
2040-10,30.635570910404105,24.790609364436968,486.9597134371896,87.9300601067278,5.629556225761275
2040-11,28.731062774145954,20.07615306397415,351.1360431585581,81.11710565367399,8.448679624989433
2040-12,25.91559092736175,15.899760148092312,321.3039745678327,77.41013969090612,9.807601591151467
